Filename,SimilarityScore
resume1.txt,0.4458974354202142
resume2.txt,0.21636916601718914
